Workbook

Sheet Tổng hợp
A1: Tổng hợp tiến độ test
A3: Nhóm | B3: Tổng | C3: Positive | D3: Negative | E3: Edge | F3: P1 | G3: Pass | H3: Fail | I3: Blocked | J3: N/A | K3: Chưa test | L3: % đã chạy
A4: 1. Liên kết QR (Gopany) | B4: =COUNTIF(Testcase!$B$5:$B$104,$A4) -> 16 | C4: =COUNTIFS(Testcase!$B$5:$B$104,$A4,Testcase!$C$5:$C$104,"Positive") -> 4 | D4: =COUNTIFS(Testcase!$B$5:$B$104,$A4,Testcase!$C$5:$C$104,"Negative") -> 3 | E4: =COUNTIFS(Testcase!$B$5:$B$104,$A4,Testcase!$C$5:$C$104,"Edge") -> 9 | F4: =COUNTIFS(Testcase!$B$5:$B$104,$A4,Testcase!$D$5:$D$104,"P1") -> 9 | G4: =COUNTIFS(Testcase!$B$5:$B$104,$A4,Testcase!$I$5:$I$104,"Pass") -> 0 | H4: =COUNTIFS(Testcase!$B$5:$B$104,$A4,Testcase!$I$5:$I$104,"Fail") -> 0 | I4: =COUNTIFS(Testcase!$B$5:$B$104,$A4,Testcase!$I$5:$I$104,"Blocked") -> 0 | J4: =COUNTIFS(Testcase!$B$5:$B$104,$A4,Testcase!$I$5:$I$104,"N/A") -> 0 | K4: =COUNTIFS(Testcase!$B$5:$B$104,$A4,Testcase!$I$5:$I$104,"Chưa test") -> 16 | L4: =IF(B4=0,0,(B4-K4)/B4) -> 0
A5: 2. Danh sách admin zaloHub | B5: =COUNTIF(Testcase!$B$5:$B$104,$A5) -> 15 | C5: =COUNTIFS(Testcase!$B$5:$B$104,$A5,Testcase!$C$5:$C$104,"Positive") -> 9 | D5: =COUNTIFS(Testcase!$B$5:$B$104,$A5,Testcase!$C$5:$C$104,"Negative") -> 0 | E5: =COUNTIFS(Testcase!$B$5:$B$104,$A5,Testcase!$C$5:$C$104,"Edge") -> 6 | F5: =COUNTIFS(Testcase!$B$5:$B$104,$A5,Testcase!$D$5:$D$104,"P1") -> 2 | G5: =COUNTIFS(Testcase!$B$5:$B$104,$A5,Testcase!$I$5:$I$104,"Pass") -> 0 | H5: =COUNTIFS(Testcase!$B$5:$B$104,$A5,Testcase!$I$5:$I$104,"Fail") -> 0 | I5: =COUNTIFS(Testcase!$B$5:$B$104,$A5,Testcase!$I$5:$I$104,"Blocked") -> 0 | J5: =COUNTIFS(Testcase!$B$5:$B$104,$A5,Testcase!$I$5:$I$104,"N/A") -> 0 | K5: =COUNTIFS(Testcase!$B$5:$B$104,$A5,Testcase!$I$5:$I$104,"Chưa test") -> 15 | L5: =IF(B5=0,0,(B5-K5)/B5) -> 0
A6: 3. Đồng bộ | B6: =COUNTIF(Testcase!$B$5:$B$104,$A6) -> 29 | C6: =COUNTIFS(Testcase!$B$5:$B$104,$A6,Testcase!$C$5:$C$104,"Positive") -> 6 | D6: =COUNTIFS(Testcase!$B$5:$B$104,$A6,Testcase!$C$5:$C$104,"Negative") -> 7 | E6: =COUNTIFS(Testcase!$B$5:$B$104,$A6,Testcase!$C$5:$C$104,"Edge") -> 16 | F6: =COUNTIFS(Testcase!$B$5:$B$104,$A6,Testcase!$D$5:$D$104,"P1") -> 19 | G6: =COUNTIFS(Testcase!$B$5:$B$104,$A6,Testcase!$I$5:$I$104,"Pass") -> 0 | H6: =COUNTIFS(Testcase!$B$5:$B$104,$A6,Testcase!$I$5:$I$104,"Fail") -> 0 | I6: =COUNTIFS(Testcase!$B$5:$B$104,$A6,Testcase!$I$5:$I$104,"Blocked") -> 0 | J6: =COUNTIFS(Testcase!$B$5:$B$104,$A6,Testcase!$I$5:$I$104,"N/A") -> 0 | K6: =COUNTIFS(Testcase!$B$5:$B$104,$A6,Testcase!$I$5:$I$104,"Chưa test") -> 29 | L6: =IF(B6=0,0,(B6-K6)/B6) -> 0
A7: 4. Hủy đồng bộ | B7: =COUNTIF(Testcase!$B$5:$B$104,$A7) -> 8 | C7: =COUNTIFS(Testcase!$B$5:$B$104,$A7,Testcase!$C$5:$C$104,"Positive") -> 2 | D7: =COUNTIFS(Testcase!$B$5:$B$104,$A7,Testcase!$C$5:$C$104,"Negative") -> 1 | E7: =COUNTIFS(Testcase!$B$5:$B$104,$A7,Testcase!$C$5:$C$104,"Edge") -> 5 | F7: =COUNTIFS(Testcase!$B$5:$B$104,$A7,Testcase!$D$5:$D$104,"P1") -> 6 | G7: =COUNTIFS(Testcase!$B$5:$B$104,$A7,Testcase!$I$5:$I$104,"Pass") -> 0 | H7: =COUNTIFS(Testcase!$B$5:$B$104,$A7,Testcase!$I$5:$I$104,"Fail") -> 0 | I7: =COUNTIFS(Testcase!$B$5:$B$104,$A7,Testcase!$I$5:$I$104,"Blocked") -> 0 | J7: =COUNTIFS(Testcase!$B$5:$B$104,$A7,Testcase!$I$5:$I$104,"N/A") -> 0 | K7: =COUNTIFS(Testcase!$B$5:$B$104,$A7,Testcase!$I$5:$I$104,"Chưa test") -> 8 | L7: =IF(B7=0,0,(B7-K7)/B7) -> 0
A8: 5. Gửi Gopany | B8: =COUNTIF(Testcase!$B$5:$B$104,$A8) -> 18 | C8: =COUNTIFS(Testcase!$B$5:$B$104,$A8,Testcase!$C$5:$C$104,"Positive") -> 4 | D8: =COUNTIFS(Testcase!$B$5:$B$104,$A8,Testcase!$C$5:$C$104,"Negative") -> 3 | E8: =COUNTIFS(Testcase!$B$5:$B$104,$A8,Testcase!$C$5:$C$104,"Edge") -> 11 | F8: =COUNTIFS(Testcase!$B$5:$B$104,$A8,Testcase!$D$5:$D$104,"P1") -> 12 | G8: =COUNTIFS(Testcase!$B$5:$B$104,$A8,Testcase!$I$5:$I$104,"Pass") -> 0 | H8: =COUNTIFS(Testcase!$B$5:$B$104,$A8,Testcase!$I$5:$I$104,"Fail") -> 0 | I8: =COUNTIFS(Testcase!$B$5:$B$104,$A8,Testcase!$I$5:$I$104,"Blocked") -> 0 | J8: =COUNTIFS(Testcase!$B$5:$B$104,$A8,Testcase!$I$5:$I$104,"N/A") -> 0 | K8: =COUNTIFS(Testcase!$B$5:$B$104,$A8,Testcase!$I$5:$I$104,"Chưa test") -> 18 | L8: =IF(B8=0,0,(B8-K8)/B8) -> 0
A9: 6. Kết quả trên Gopany | B9: =COUNTIF(Testcase!$B$5:$B$104,$A9) -> 6 | C9: =COUNTIFS(Testcase!$B$5:$B$104,$A9,Testcase!$C$5:$C$104,"Positive") -> 3 | D9: =COUNTIFS(Testcase!$B$5:$B$104,$A9,Testcase!$C$5:$C$104,"Negative") -> 1 | E9: =COUNTIFS(Testcase!$B$5:$B$104,$A9,Testcase!$C$5:$C$104,"Edge") -> 2 | F9: =COUNTIFS(Testcase!$B$5:$B$104,$A9,Testcase!$D$5:$D$104,"P1") -> 3 | G9: =COUNTIFS(Testcase!$B$5:$B$104,$A9,Testcase!$I$5:$I$104,"Pass") -> 0 | H9: =COUNTIFS(Testcase!$B$5:$B$104,$A9,Testcase!$I$5:$I$104,"Fail") -> 0 | I9: =COUNTIFS(Testcase!$B$5:$B$104,$A9,Testcase!$I$5:$I$104,"Blocked") -> 0 | J9: =COUNTIFS(Testcase!$B$5:$B$104,$A9,Testcase!$I$5:$I$104,"N/A") -> 0 | K9: =COUNTIFS(Testcase!$B$5:$B$104,$A9,Testcase!$I$5:$I$104,"Chưa test") -> 6 | L9: =IF(B9=0,0,(B9-K9)/B9) -> 0
A10: 7. Đồng thời / quyền / hệ thống | B10: =COUNTIF(Testcase!$B$5:$B$104,$A10) -> 8 | C10: =COUNTIFS(Testcase!$B$5:$B$104,$A10,Testcase!$C$5:$C$104,"Positive") -> 2 | D10: =COUNTIFS(Testcase!$B$5:$B$104,$A10,Testcase!$C$5:$C$104,"Negative") -> 0 | E10: =COUNTIFS(Testcase!$B$5:$B$104,$A10,Testcase!$C$5:$C$104,"Edge") -> 6 | F10: =COUNTIFS(Testcase!$B$5:$B$104,$A10,Testcase!$D$5:$D$104,"P1") -> 3 | G10: =COUNTIFS(Testcase!$B$5:$B$104,$A10,Testcase!$I$5:$I$104,"Pass") -> 0 | H10: =COUNTIFS(Testcase!$B$5:$B$104,$A10,Testcase!$I$5:$I$104,"Fail") -> 0 | I10: =COUNTIFS(Testcase!$B$5:$B$104,$A10,Testcase!$I$5:$I$104,"Blocked") -> 0 | J10: =COUNTIFS(Testcase!$B$5:$B$104,$A10,Testcase!$I$5:$I$104,"N/A") -> 0 | K10: =COUNTIFS(Testcase!$B$5:$B$104,$A10,Testcase!$I$5:$I$104,"Chưa test") -> 8 | L10: =IF(B10=0,0,(B10-K10)/B10) -> 0
A11: Tổng cộng | B11: =SUM(B4:B10) -> 100 | C11: =SUM(C4:C10) -> 30 | D11: =SUM(D4:D10) -> 15 | E11: =SUM(E4:E10) -> 55 | F11: =SUM(F4:F10) -> 54 | G11: =SUM(G4:G10) -> 0 | H11: =SUM(H4:H10) -> 0 | I11: =SUM(I4:I10) -> 0 | ... K11: =SUM(K4:K10) -> 100 | L11: =IF(B11=0,0,(B11-K11)/B11) -> 0
A13: Tỉ lệ Pass trên số đã chạy (không tính N/A): | G13: =IF((G11+H11+I11)=0,0,G11/(G11+H11+I11)) -> 0

Sheet Testcase
A1: Testcase – Luồng đồng bộ lịch sử Zalo: Gopany → zaloHub → Gopany
A2: Nguồn: tài liệu luong-dong-bo-gopany.html (cập nhật 26/09/2026). Cột nền vàng (Kết quả, Người test, Ngày test, Ghi chú / Bug) là cột cần điền; Kết quả chọn từ danh sách.
A4: ID | B4: Nhóm | C4: Loại | D4: Ưu tiên | E4: Tiêu đề | F4: Precondition | G4: Steps | H4: Expected Result | I4: Kết quả | J4: Người test | K4: Ngày test | L4: Ghi chú / Bug
A5: QR-01 | B5: 1. Liên kết QR (Gopany) | C5: Positive | D5: P1 | E5: Liên kết lần đầu tài khoản mới (2 mã QR) | F5: Công ty Gopany A. Zalo X chưa từng liên kết. | G5: 1. Liên kết tài khoản → Thêm liên kết 2. Quét mã QR bằng Zalo X 3. Để camera quét tiếp mã thứ 2 4. Xác nhận đăng nhập trên điện thoại | H5: Hộp “Kết nối Zalo” hiện QR loại Zalo PC + đếm ngược. Mã thứ 2 hiện đúng vị trí, cùng cỡ mã cũ. Báo “Kết nối thành công!”, thẻ tài khoản “Đang hoạt động”. zaloHub lưu phiên Zalo PC + công ty A. | I5: Chưa test
A6: QR-02 | B6: 1. Liên kết QR (Gopany) | C6: Positive | D6: P1 | E6: Kết nối lại tài khoản cũ (chỉ 1 mã) | F6: Zalo X đã từng liên kết, đang ở trạng thái ngắt. | G6: 1. Bấm Kết nối trên thẻ X 2. Quét bằng Zalo X 3. Xác nhận trên điện thoại | H6: Chỉ có 1 mã, không hiện mã thứ 2. Kết nối thành công, thẻ “Đang hoạt động”. | I6: Chưa test
A7: QR-03 | B7: 1. Liên kết QR (Gopany) | C7: Edge | D7: P1 | E7: Mã thứ 2 hết hạn (~12s) khi camera không tự quét | F7: Zalo X chưa từng liên kết. | G7: 1. Thêm liên kết → quét mã 1 2. Rời camera khỏi màn hình, chờ >12s 3. Quan sát hộp QR | H7: Có thông báo rõ ràng (hết hạn / làm mới), có cách lấy lại mã; không treo ở trạng thái chờ, không tạo tài khoản dở dang trên zaloHub. (Hành vi chính xác cần PO xác nhận – xem Q1) | I7: Chưa test
A8: QR-04 | B8: 1. Liên kết QR (Gopany) | C8: Edge | D8: P2 | E8: Quét mã thứ 2 sát thời điểm hết hạn (giây 11–12) | F8: Zalo X chưa từng liên kết. | G8: 1. Quét mã 1 2. Cố ý quét mã 2 ở giây ~11 | H8: Hoặc thành công trọn vẹn, hoặc báo lỗi rõ ràng. Không xảy ra trạng thái điện thoại báo OK mà Gopany vẫn chờ. | I8: Chưa test
A9: QR-05 | B9: 1. Liên kết QR (Gopany) | C9: Negative | D9: P1 | E9: Mã “Kết nối” của tài khoản A quét bằng Zalo B | F9: Thẻ tài khoản A đang ngắt. Có Zalo B khác. | G9: 1. Bấm Kết nối trên thẻ A 2. Quét bằng Zalo B | H9: Báo “Lỗi trong quá trình quét QR.” Tài khoản A giữ nguyên (tên, UID, dữ liệu). Zalo B không được thêm. | I9: Chưa test
A10: QR-06 | B10: 1. Liên kết QR (Gopany) | C10: Negative | D10: P1 | E10: Mã QR hết hạn → Làm mới mã | G10: 1. Thêm liên kết 2. Chờ đếm ngược về 0 3. Quét mã cũ 4. Bấm Làm mới mã, quét mã mới | H10: Hết hạn: hiện “Mã QR đã hết hạn”, quét mã cũ không thành công. Mã mới quét được, kết nối thành công. | I10: Chưa test
A11: QR-07 | B11: 1. Liên kết QR (Gopany) | C11: Edge | D11: P2 | E11: Bấm Làm mới mã nhiều lần liên tiếp, quét mã cũ hơn | G11: 1. Thêm liên kết 2. Làm mới mã 3 lần nhanh 3. Quét mã của lần 1 (chụp màn hình trước đó) | H11: Chỉ mã mới nhất hợp lệ; mã cũ bị từ chối. Không tạo nhiều phiên song song. | I11: Chưa test
A12: QR-08 | B12: 1. Liên kết QR (Gopany) | C12: Edge | D12: P1 | E12: Đóng hộp QR giữa lúc đã quét, chưa xác nhận | G12: 1. Quét mã 2. Đóng hộp “Kết nối Zalo” 3. Xác nhận đăng nhập trên điện thoại | H12: Hành vi nhất quán: hoặc không tạo liên kết, hoặc tạo và hiện trên danh sách sau khi tải lại. Không có tài khoản “ma” trên zaloHub mà Gopany không thấy. | I12: Chưa test
A13: QR-09 | B13: 1. Liên kết QR (Gopany) | C13: Edge | D13: P1 | E13: Đang mở Zalo PC trên Windows khi liên kết | F13: Zalo X đang đăng nhập app Zalo PC trên máy tính Windows. | G13: 1. Liên kết X trên Gopany 2. Quan sát app Zalo PC trên máy tính | H13: App Zalo PC trên máy tính bị đăng xuất. Gopany kết nối thành công. | I13: Chưa test
A14: QR-10 | B14: 1. Liên kết QR (Gopany) | C14: Edge | D14: P1 | E14: Zalo PC trên Windows đăng nhập lại SAU khi liên kết | F14: X đã liên kết Gopany (phiên Zalo PC). | G14: 1. Đăng nhập lại app Zalo PC trên máy tính bằng X 2. Kiểm tra Gopany và admin zaloHub | H14: Phiên của zaloHub bị đá: Gopany báo mất kết nối; admin hiện “Mất kết nối”, nút Đồng bộ khoá với lý do tương ứng. (Xem Q2) | I14: Chưa test
A15: QR-11 | B15: 1. Liên kết QR (Gopany) | C15: Positive | D15: P2 | E15: Phiên Zalo Web ở hệ thống khác (Salework) không bị đăng xuất | F15: X đang đăng nhập Zalo Web trên Salework. | G15: 1. Liên kết X trên Gopany 2. Theo dõi Salework trong lúc quét | H15: Salework chỉ mất kết nối ~2 giây rồi tự nối lại, vẫn đăng nhập. | I15: Chưa test
A16: QR-12 | B16: 1. Liên kết QR (Gopany) | C16: Positive | D16: P3 | E16: Thông báo “Đang đồng bộ lịch sử” phía Gopany khi liên kết lại | F16: X từng liên kết Gopany, có hội thoại cũ trên Gopany. | G16: 1. Kết nối lại X 2. Quan sát hộp QR sau khi thành công 3. Kiểm tra admin zaloHub | H16: Gopany hiện “Đang đồng bộ lịch sử” vài giây. Admin zaloHub KHÔNG phát sinh lượt Đồng bộ nào. | I16: Chưa test
A17: QR-13 | B17: 1. Liên kết QR (Gopany) | C17: Edge | D17: P1 | E17: Cùng 1 Zalo được 2 công ty Gopany khác nhau liên kết | F17: X đang liên kết ở công ty A. | G17: 1. Công ty B → Thêm liên kết → quét bằng X 2. Kiểm tra A, B và cột Công ty Gopany trên admin | H17: Hành vi theo thiết kế (chặn hoặc chuyển). Admin zaloHub hiển thị đúng công ty đang giữ liên kết. Không lẫn dữ liệu giữa A và B. (Xem Q3) | I17: Chưa test
A18: QR-14 | B18: 1. Liên kết QR (Gopany) | C18: Edge | D18: P2 | E18: 2 người cùng công ty mở QR cho 2 Zalo khác nhau cùng lúc | G18: 1. Tab 1: Thêm liên kết, quét bằng Zalo X 2. Tab 2: Thêm liên kết, quét bằng Zalo Y (gần như đồng thời) | H18: Cả 2 thành công, đúng tên/UID, không tráo mã giữa 2 tab. | I18: Chưa test
A19: QR-15 | B19: 1. Liên kết QR (Gopany) | C19: Edge | D19: P2 | E19: Mất mạng trên máy tính khi đang hiện QR | G19: 1. Thêm liên kết 2. Ngắt mạng máy tính 10s rồi bật lại 3. Quét mã | H19: Có thông báo lỗi/tự làm mới mã hợp lý; không treo đếm ngược. | I19: Chưa test
A20: QR-16 | B20: 1. Liên kết QR (Gopany) | C20: Negative | D20: P2 | E20: Từ chối đăng nhập trên điện thoại | G20: 1. Quét mã 2. Bấm từ chối/huỷ trên điện thoại | H20: Gopany không báo thành công, có thông báo phù hợp; không tạo tài khoản. | I20: Chưa test
A21: LS-01 | B21: 2. Danh sách admin zaloHub | C21: Positive | D21: P1 | E21: Tài khoản vừa liên kết hiển thị đúng trạng thái ban đầu | F21: Vừa làm QR-01 xong. | G21: 1. Admin zaloHub → Đồng bộ Gopany 2. Tìm tài khoản X | H21: Phiên “Zalo PC”, Đồng bộ “Chưa đồng bộ”, Gửi Gopany “Chưa gửi”, cột Công ty Gopany = A. Có nút Đồng bộ và Gửi Gopany… | I21: Chưa test
A22: LS-02 | B22: 2. Danh sách admin zaloHub | C22: Positive | D22: P1 | E22: Bấm thẻ số liệu để lọc / bấm lại để bỏ lọc | F22: Có dữ liệu ở cả 4 trạng thái. | G22: 1. Bấm lần lượt 4 thẻ: Đang chạy, Lỗi/chưa trọn, Chưa đồng bộ, Cần quét QR Zalo PC 2. Bấm lại thẻ đang chọn | H22: Mỗi thẻ lọc đúng tập tài khoản; bấm lại bỏ lọc. Thẻ đang chọn có trạng thái nổi bật. | I22: Chưa test
A23: LS-03 | B23: 2. Danh sách admin zaloHub | C23: Positive | D23: P2 | E23: Số trên thẻ đếm theo bộ lọc đang chọn | G23: 1. Chọn Công ty Gopany = A 2. So số trên 4 thẻ với số dòng thực tế khi lọc từng thẻ | H23: Số trên thẻ khớp số dòng khi kết hợp bộ lọc hiện tại + thẻ. | I23: Chưa test
A24: LS-04 | B24: 2. Danh sách admin zaloHub | C24: Edge | D24: P2 | E24: Thẻ và bộ lọc trạng thái chồng nhau / mâu thuẫn | G24: 1. Chọn bộ lọc trạng thái = Thành công 2. Bấm thẻ “Chưa đồng bộ” | H24: Kết quả nhất quán (rỗng hoặc thẻ ghi đè bộ lọc) và có trạng thái rỗng rõ ràng, không lỗi. | I24: Chưa test
A25: LS-05 | B25: 2. Danh sách admin zaloHub | C25: Positive | D25: P2 | E25: Tìm theo tên / SĐT / UID | G25: 1. Tìm theo tên đầy đủ, 1 phần tên 2. Tìm theo SĐT (có/không số 0 đầu, +84) 3. Tìm theo UID | H25: Trả đúng tài khoản. Ghi nhận hành vi với định dạng SĐT +84 / 84 / 0. | I25: Chưa test
A26: LS-06 | B26: 2. Danh sách admin zaloHub | C26: Positive | D26: P2 | E26: Ô chọn công ty tìm không dấu | F26: Có công ty “Công ty Đồng Hưng”. | G26: 1. Gõ “dong hung” 2. Gõ “ĐỒNG HƯNG”, “Dong Hưng” | H26: Đều ra đúng công ty (không phân biệt dấu, hoa thường, chữ đ/Đ). | I26: Chưa test
A27: LS-07 | B27: 2. Danh sách admin zaloHub | C27: Edge | D27: P2 | E27: Ký tự đặc biệt / chuỗi rất dài trong ô tìm | G27: 1. Nhập %, _, ', ", <script>, emoji 2. Nhập chuỗi 500 ký tự | H27: Không lỗi server, không XSS, trả rỗng hoặc đúng kết quả. | I27: Chưa test
A28: LS-08 | B28: 2. Danh sách admin zaloHub | C28: Positive | D28: P2 | E28: Bộ lọc và số trang lưu trên URL | F28: Có >1 trang dữ liệu. | G28: 1. Chọn bộ lọc + sang trang 2 2. F5 3. Copy URL mở tab khác 4. Bấm Back trình duyệt | H28: Giữ nguyên bộ lọc, trang. Back quay về trạng thái lọc trước. | I28: Chưa test
A29: LS-09 | B29: 2. Danh sách admin zaloHub | C29: Edge | D29: P3 | E29: URL có tham số sai / trang vượt quá | G29: 1. Sửa URL page=9999 2. Sửa giá trị lọc không tồn tại (session=abc) | H29: Không trắng trang; về trang hợp lệ hoặc hiện rỗng + bỏ qua tham số sai. | I29: Chưa test
A30: LS-10 | B30: 2. Danh sách admin zaloHub | C30: Edge | D30: P2 | E30: Đang ở trang cuối thì lọc làm giảm số trang | G30: 1. Sang trang 3 2. Áp bộ lọc chỉ còn 1 trang | H30: Tự về trang 1, không hiển thị rỗng giả. | I30: Chưa test
A31: LS-11 | B31: 2. Danh sách admin zaloHub | C31: Positive | D31: P2 | E31: Bảng tự làm mới ~5s khi có lượt đang chạy | F31: Có 1 lượt đồng bộ đang chạy. | G31: 1. Mở bảng, quan sát cột Đồng bộ 2. Khi lượt xong, quan sát tiếp | H31: Cột cập nhật ~5s/lần; hết lượt chạy thì ngừng tự làm mới. Không mất bộ lọc / vị trí cuộn khi làm mới. | I31: Chưa test
A32: LS-12 | B32: 2. Danh sách admin zaloHub | C32: Positive | D32: P2 | E32: Hộp thoại lịch sử hiển thị đủ thông tin | G32: 1. Bấm Gửi Gopany… trên 1 dòng | H32: Đầu hộp: phiên, công ty Gopany, thời điểm liên kết. Có khung 1, khung 2, mục “Các lượt gần đây” (thu gọn sẵn, tối đa 10 lượt). | I32: Chưa test
A33: LS-13 | B33: 2. Danh sách admin zaloHub | C33: Edge | D33: P3 | E33: Tài khoản có >10 lượt | F33: Tài khoản đã chạy 12 lượt. | G33: 1. Mở hộp thoại → mở “Các lượt gần đây” | H33: Chỉ hiện 10 lượt mới nhất, đúng thứ tự thời gian giảm dần. | I33: Chưa test
A34: LS-14 | B34: 2. Danh sách admin zaloHub | C34: Positive | D34: P2 | E34: Dòng tài khoản mất kết nối | F34: Tài khoản X bị mất kết nối. | G34: 1. Tìm X trên bảng | H34: Cột Tài khoản có nhãn “Mất kết nối”, nút Đồng bộ khoá. | I34: Chưa test
A35: LS-15 | B35: 2. Danh sách admin zaloHub | C35: Edge | D35: P3 | E35: Tên tài khoản rất dài / có emoji / không có SĐT | G35: 1. Xem dòng và hộp thoại của tài khoản đó trên desktop và màn hình hẹp | H35: Không vỡ layout, hiển thị cắt gọn hợp lý. | I35: Chưa test
A36: SY-01 | B36: 3. Đồng bộ | C36: Positive | D36: P1 | E36: Đồng bộ thành công tài khoản Zalo PC | F36: X phiên Zalo PC, đang kết nối, chưa đồng bộ. Điện thoại mở Zalo, màn hình sáng. | G36: 1. Bấm Đồng bộ 2. Đọc hộp xác nhận 3. Bấm Đồng bộ trong hộp 4. Theo dõi tiến độ đến khi xong | H36: Hộp “Đồng bộ lịch sử tin nhắn?” có tên X. Toast “Đã bắt đầu đồng bộ”. Tiến độ qua đủ 5 bước + % + “N hội thoại · M tin”. Kết thúc: khung 1 “Đã đồng bộ” + giờ; nhật ký “Đồng bộ — Thành công”, nguồn “Trang admin” + tên admin. | I36: Chưa test
A37: SY-02 | B37: 3. Đồng bộ | C37: Negative | D37: P2 | E37: Bấm Huỷ ở hộp xác nhận | G37: 1. Bấm Đồng bộ → Huỷ | H37: Không phát sinh lượt, không đổi trạng thái. | I37: Chưa test
A38: SY-03 | B38: 3. Đồng bộ | C38: Negative | D38: P1 | E38: Nút khoá: phiên Zalo Web | F38: Tài khoản phiên Zalo Web. | G38: 1. Rê chuột nút Đồng bộ | H38: Nút khoá, tooltip “Cần phiên Zalo PC — khách quét lại mã QR Zalo PC”. Tài khoản nằm ở thẻ “Cần quét QR Zalo PC”. | I38: Chưa test
A39: SY-04 | B39: 3. Đồng bộ | C39: Negative | D39: P1 | E39: Nút khoá: mất kết nối | F39: Tài khoản phiên Zalo PC nhưng mất kết nối. | G39: 1. Rê chuột nút Đồng bộ | H39: Tooltip “Tài khoản mất kết nối — khách cần kết nối lại”. | I39: Chưa test
A40: SY-05 | B40: 3. Đồng bộ | C40: Negative | D40: P1 | E40: Nút khoá: không có quyền | F40: Admin không có quyền quản lý tài khoản Zalo. | G40: 1. Rê chuột Đồng bộ và Gửi Gopany | H40: Cả 2 khoá, tooltip “Không có quyền”. | I40: Chưa test
A41: SY-06 | B41: 3. Đồng bộ | C41: Negative | D41: P1 | E41: Nút khoá: đang gửi Gopany | F41: Tài khoản đang có lượt Gửi Gopany chạy. | G41: 1. Rê chuột Đồng bộ | H41: Tooltip “Đang gửi sang Gopany — đợi gửi xong”. | I41: Chưa test
A42: SY-07 | B42: 3. Đồng bộ | C42: Edge | D42: P1 | E42: Tooltip ưu tiên khi nhiều điều kiện cùng sai | F42: Tài khoản phiên Zalo Web + mất kết nối; admin không quyền. | G42: 1. Rê chuột Đồng bộ | H42: Hiện 1 lý do theo thứ tự ưu tiên cố định (đề xuất: quyền → phiên → kết nối → đang chạy). Ghi nhận thực tế. (Xem Q4) | I42: Chưa test
A43: SY-08 | B43: 3. Đồng bộ | C43: Edge | D43: P1 | E43: Gọi API Đồng bộ trực tiếp khi nút đang khoá | F43: Tài khoản phiên Zalo Web / admin không quyền. | G43: 1. Gửi request Đồng bộ qua DevTools/Postman | H43: Backend từ chối với lỗi phù hợp; không tạo lượt. (Chặn không chỉ ở UI) | I43: Chưa test
A44: SY-09 | B44: 3. Đồng bộ | C44: Positive | D44: P1 | E44: Lượt chạy nền khi đóng hộp thoại / F5 / đóng tab | F44: Đang đồng bộ. | G44: 1. Đóng hộp thoại 2. F5 trang 3. Đóng tab, mở lại sau 30s | H44: Lượt vẫn chạy tiếp, tiến độ hiển thị đúng khi mở lại. | I44: Chưa test
A45: SY-10 | B45: 3. Đồng bộ | C45: Edge | D45: P1 | E45: Khoá màn hình điện thoại giữa lượt | F45: Đang ở bước Lấy tin nhắn từ điện thoại. | G45: 1. Khoá màn hình điện thoại 1 phút 2. Mở lại Zalo | H45: Lượt tiếp tục hoặc kết thúc với lý do rõ ràng; không treo “Đang chạy” vô thời hạn. (Xem Q5 – timeout) | I45: Chưa test
A46: SY-11 | B46: 3. Đồng bộ | C46: Edge | D46: P1 | E46: Chuyển Zalo xuống nền / mở app khác giữa lượt | F46: Đang lấy tin. | G46: 1. Chuyển sang app khác 2 phút 2. Quay lại Zalo | H46: Như SY-10; ghi nhận thời gian tối đa chịu được. | I46: Chưa test
A47: SY-12 | B47: 3. Đồng bộ | C47: Edge | D47: P1 | E47: Điện thoại mất mạng giữa lượt | F47: Đang lấy tin. | G47: 1. Bật chế độ máy bay 30s 2. Tắt chế độ máy bay | H47: Kết thúc với lý do “Mất kết nối giữa chừng” (hoặc tự hồi phục). Không báo Thành công khi thiếu dữ liệu. | I47: Chưa test
A48: SY-13 | B48: 3. Đồng bộ | C48: Edge | D48: P2 | E48: Đổi mạng Wifi ↔ 4G giữa lượt | F48: Đang lấy tin. | G48: 1. Tắt Wifi để chuyển 4G | H48: Hồi phục hoặc báo lỗi rõ; không nhân đôi tin. | I48: Chưa test
A49: SY-14 | B49: 3. Đồng bộ | C49: Negative | D49: P1 | E49: Từ chối yêu cầu đồng bộ trên điện thoại | G49: 1. Bấm Đồng bộ 2. Trên điện thoại từ chối (nếu Zalo hỏi) | H49: Lượt Thất bại, lý do “Điện thoại từ chối gửi lịch sử”. | I49: Chưa test
A50: SY-15 | B50: 3. Đồng bộ | C50: Edge | D50: P2 | E50: Điện thoại gần đầy bộ nhớ | F50: Điện thoại còn <100MB. | G50: 1. Đồng bộ tài khoản nhiều tin | H50: Thất bại, lý do “Điện thoại không đủ bộ nhớ”. | I50: Chưa test
A51: SY-16 | B51: 3. Đồng bộ | C51: Edge | D51: P1 | E51: Đăng xuất Zalo trên điện thoại giữa lượt | F51: Đang lấy tin. | G51: 1. Đăng xuất Zalo trên điện thoại | H51: Lượt Thất bại, lý do “Tài khoản đã đăng xuất trên điện thoại”; tài khoản chuyển mất kết nối. | I51: Chưa test
A52: SY-17 | B52: 3. Đồng bộ | C52: Edge | D52: P1 | E52: Khách quét QR Kết nối lại trên Gopany giữa lượt đồng bộ | F52: Đang đồng bộ X. | G52: 1. Trên Gopany bấm Kết nối cho X, quét lại | H52: Lượt dừng với lý do “Kết nối của tài khoản vừa được dựng lại”. Sau đó Đồng bộ lại được. | I52: Chưa test
A53: SY-18 | B53: 3. Đồng bộ | C53: Edge | D53: P1 | E53: Đăng nhập Zalo PC trên Windows giữa lượt | F53: Đang đồng bộ X. | G53: 1. Đăng nhập app Zalo PC bằng X | H53: Lượt dừng với lý do mất kết nối; tài khoản “Mất kết nối”. | I53: Chưa test
A54: SY-19 | B54: 3. Đồng bộ | C54: Negative | D54: P1 | E54: Bấm Đồng bộ trùng từ tab khác | F54: Tab 1 đang đồng bộ X; tab 2 mở trang cũ chưa làm mới (nút còn bật). | G54: 1. Tab 2 bấm Đồng bộ → xác nhận | H54: Báo “Tài khoản đang đồng bộ — vui lòng đợi hoặc bấm "Hủy" rồi thử lại.” Không tạo lượt thứ 2. | I54: Chưa test
A55: SY-20 | B55: 3. Đồng bộ | C55: Edge | D55: P1 | E55: 2 admin bấm Đồng bộ cùng 1 tài khoản gần như cùng lúc | G55: 1. Admin 1 và Admin 2 cùng bấm xác nhận trong <1s | H55: Chỉ 1 lượt được tạo (chống race), người còn lại nhận thông báo trùng. | I55: Chưa test
A56: SY-21 | B56: 3. Đồng bộ | C56: Positive | D56: P1 | E56: Đồng bộ song song nhiều tài khoản | F56: 3 tài khoản Zalo PC khác nhau. | G56: 1. Bấm Đồng bộ cả 3 | H56: Cả 3 chạy song song, tiến độ độc lập, dữ liệu không lẫn. | I56: Chưa test
A57: SY-22 | B57: 3. Đồng bộ | C57: Positive | D57: P2 | E57: Hiệu năng tài khoản lớn | F57: Tài khoản ~270 hội thoại / 70.000 tin. | G57: 1. Đồng bộ, đo thời gian | H57: Khoảng 2 phút (± chấp nhận được). Số hội thoại/tin cuối cùng khớp thực tế. | I57: Chưa test
A58: SY-23 | B58: 3. Đồng bộ | C58: Edge | D58: P2 | E58: Tài khoản trống (0 hội thoại) | F58: Zalo mới tạo, không có tin. | G58: 1. Đồng bộ | H58: Kết thúc Thành công với “0 hội thoại · 0 tin”, không lỗi chia 0 ở %. | I58: Chưa test
A59: SY-24 | B59: 3. Đồng bộ | C59: Edge | D59: P2 | E59: Đồng bộ lại lần 2 (không có tin mới) | F59: X đã đồng bộ thành công. | G59: 1. Đồng bộ lại | H59: Thành công, số tin không nhân đôi trong zaloHub. | I59: Chưa test
A60: SY-25 | B60: 3. Đồng bộ | C60: Edge | D60: P1 | E60: Đồng bộ lại sau khi có thay đổi trên điện thoại | F60: X đã đồng bộ. | G60: 1. Trên điện thoại: xoá 1 hội thoại, thu hồi 1 tin, sửa 1 tin, nhận tin mới 2. Đồng bộ lại | H60: Tin mới được thêm. Ghi nhận cách xử lý tin đã xoá/thu hồi/sửa (giữ bản cũ hay cập nhật). (Xem Q6) | I60: Chưa test
A61: SY-26 | B61: 3. Đồng bộ | C61: Edge | D61: P2 | E61: Nhận tin mới trong lúc đang đồng bộ | F61: Đang đồng bộ. | G61: 1. Gửi vài tin đến X trong lúc chạy | H61: Tin mới vẫn vào realtime bình thường; không nhân đôi khi đồng bộ trả về cùng tin. | I61: Chưa test
A62: SY-27 | B62: 3. Đồng bộ | C62: Positive | D62: P2 | E62: Điền tên người gửi, tên nhóm | F62: X có nhóm nhiều thành viên, có người đã rời nhóm, người đổi tên, người không phải bạn bè. | G62: 1. Đồng bộ 2. Kiểm tra dữ liệu tin trong nhóm | H62: Mỗi tin nhóm có tên người gửi; người đã rời / không phải bạn vẫn có tên hoặc fallback hợp lý (không rỗng). | I62: Chưa test
A63: SY-28 | B63: 3. Đồng bộ | C63: Edge | D63: P2 | E63: Hội thoại có nội dung đặc thù | F63: Có sticker, ảnh, video, file lớn, voice, danh thiếp, vị trí, tin trả lời, tin chuyển tiếp, emoji, tin rất dài. | G63: 1. Đồng bộ 2. Gửi Gopany 3. Kiểm tra Gopany | H63: Mỗi loại được lưu/hiển thị hoặc có placeholder rõ; không làm hỏng lượt. | I63: Chưa test
A64: SY-29 | B64: 3. Đồng bộ | C64: Positive | D64: P2 | E64: Tiến độ % đơn điệu, không lùi, không vượt 100% | G64: 1. Theo dõi % suốt lượt | H64: % tăng dần, dừng ở 100% khi Xong. | I64: Chưa test
A65: CN-01 | B65: 4. Hủy đồng bộ | C65: Positive | D65: P1 | E65: Hủy trong bước Lấy tin nhắn | F65: Đang lấy tin. | G65: 1. Bấm Hủy đồng bộ | H65: Không có hộp hỏi lại. Nhãn “Đang dừng”, nút Hủy ẩn, có dòng giải thích. Kết thúc: “Đã hủy giữa chừng — dữ liệu có thể thiếu, nên đồng bộ lại.”; nhật ký “Đã hủy”. | I65: Chưa test
A66: CN-02 | B66: 4. Hủy đồng bộ | C66: Positive | D66: P1 | E66: Tin đã lấy trước khi hủy vẫn được lưu | G66: 1. Hủy khi đã lấy ~50% 2. Kiểm tra dữ liệu zaloHub | H66: Tin đã lấy được lưu và điền tên người gửi. | I66: Chưa test
A67: CN-03 | B67: 4. Hủy đồng bộ | C67: Negative | D67: P1 | E67: Không hủy được ở bước Điền tên | F67: Lượt ở bước Điền tên người gửi, tên nhóm. | G67: 1. Tìm nút Hủy | H67: Nút ẩn, có dòng báo sắp xong. | I67: Chưa test
A68: CN-04 | B68: 4. Hủy đồng bộ | C68: Edge | D68: P1 | E68: Bấm Hủy đúng lúc lượt chuyển sang bước Điền tên | G68: 1. Bấm Hủy vào thời điểm chuyển bước | H68: Kết quả nhất quán: hoặc Đã hủy, hoặc Thành công; nhãn và nhật ký khớp nhau. | I68: Chưa test
A69: CN-05 | B69: 4. Hủy đồng bộ | C69: Edge | D69: P1 | E69: Bấm Đồng bộ lại khi đang “Đang dừng” | F69: Vừa bấm Hủy, lượt đang lưu nốt. | G69: 1. Bấm Đồng bộ (bảng hoặc tab khác) | H69: Khoá “Đang đồng bộ” hoặc báo trùng; không tạo lượt mới cho đến khi lượt cũ kết thúc. | I69: Chưa test
A70: CN-06 | B70: 4. Hủy đồng bộ | C70: Edge | D70: P1 | E70: Gửi Gopany khi lượt đồng bộ gần nhất là “Đã hủy” | F70: Lượt đồng bộ gần nhất: Đã hủy. | G70: 1. Mở hộp thoại → Gửi Gopany | H70: Theo điều kiện, chỉ “lỗi” mới khoá → nút có thể bật và gửi dữ liệu thiếu. Ghi nhận thực tế, cần PO chốt. (Xem Q7) | I70: Chưa test
A71: CN-07 | B71: 4. Hủy đồng bộ | C71: Edge | D71: P2 | E71: Bấm Hủy 2 lần liên tiếp / từ 2 tab | G71: 1. Double-click Hủy 2. Tab khác bấm Hủy | H71: Không lỗi, 1 kết quả “Đã hủy”. | I71: Chưa test
A72: CN-08 | B72: 4. Hủy đồng bộ | C72: Edge | D72: P2 | E72: Hủy ngay sau khi bắt đầu (bước Đăng nhập) | G72: 1. Xác nhận Đồng bộ rồi bấm Hủy ngay | H72: Kết thúc “Đã hủy”, 0 tin, không lỗi. | I72: Chưa test
A73: SD-01 | B73: 5. Gửi Gopany | C73: Positive | D73: P1 | E73: Gửi Gopany thành công | F73: X đã đồng bộ thành công, liên kết ở công ty A. | G73: 1. Gửi Gopany… → Gửi Gopany 2. Đọc hộp xác nhận 3. Xác nhận, theo dõi khung 2 | H73: Hộp “Gửi lịch sử sang Gopany?” ghi đúng số tin, tên X, công ty A. Toast “Đang gửi N tin sang Gopany”. Khung 2: Đã gửi, chờ Gopany nhận → Gopany đang nhận (x/y) → “Gopany đã nhận đủ”. | I73: Chưa test
A74: SD-02 | B74: 5. Gửi Gopany | C74: Positive | D74: P1 | E74: Gửi lại nhiều lần không nhân đôi tin | F74: SD-01 đã xong. | G74: 1. Gửi Gopany lần 2, lần 3 2. Kiểm tra Chat trên Gopany | H74: Mỗi lần số bỏ qua ≈ tổng tin; không có tin trùng trên Gopany. | I74: Chưa test
A75: SD-03 | B75: 5. Gửi Gopany | C75: Negative | D75: P1 | E75: Nút khoá khi đang đồng bộ | G75: 1. Đang đồng bộ → rê chuột Gửi Gopany | H75: Tooltip “Đợi đồng bộ xong rồi gửi”. | I75: Chưa test
A76: SD-04 | B76: 5. Gửi Gopany | C76: Negative | D76: P1 | E76: Nút khoá khi lượt đồng bộ gần nhất lỗi | F76: Lượt đồng bộ gần nhất Thất bại. | G76: 1. Rê chuột Gửi Gopany | H76: Tooltip “Lượt đồng bộ gần nhất bị lỗi — Đồng bộ lại trước khi gửi”. | I76: Chưa test
A77: SD-05 | B77: 5. Gửi Gopany | C77: Negative | D77: P2 | E77: Nút khoá khi đang gửi | G77: 1. Đang gửi → rê chuột Gửi Gopany | H77: Tooltip “Đang gửi sang Gopany”. | I77: Chưa test
A78: SD-06 | B78: 5. Gửi Gopany | C78: Edge | D78: P1 | E78: Gửi khi chưa từng đồng bộ | F78: Tài khoản “Chưa đồng bộ”. | G78: 1. Gửi Gopany | H78: Điều kiện không chặn trường hợp này. Kỳ vọng: nút khoá hoặc hộp xác nhận báo 0 tin, không tạo lượt rỗng “Thành công” gây hiểu lầm. (Xem Q8) | I78: Chưa test
A79: SD-07 | B79: 5. Gửi Gopany | C79: Edge | D79: P1 | E79: Gửi khi lượt đồng bộ gần nhất “Bị gián đoạn” | G79: 1. Gửi Gopany | H79: Ghi nhận: “Bị gián đoạn” có được coi là lỗi không? Kỳ vọng nhất quán với CN-06. (Xem Q7) | I79: Chưa test
A80: SD-08 | B80: 5. Gửi Gopany | C80: Edge | D80: P1 | E80: Gửi khi tài khoản đang mất kết nối / phiên Zalo Web | F80: X đã đồng bộ, sau đó mất kết nối. | G80: 1. Gửi Gopany | H80: Điều kiện không yêu cầu kết nối → gửi được dữ liệu đã lưu. Xác nhận hành vi đúng thiết kế. | I80: Chưa test
A81: SD-09 | B81: 5. Gửi Gopany | C81: Edge | D81: P1 | E81: Công ty Gopany đổi giữa lúc đồng bộ và gửi | F81: X đồng bộ khi thuộc công ty A; sau đó X được liên kết sang công ty B. | G81: 1. Mở hộp thoại, xem công ty trong hộp xác nhận 2. Gửi Gopany 3. Kiểm tra A và B | H81: Hộp xác nhận hiển thị công ty đang giữ (B). Tin vào B, không vào A. Rủi ro lộ lịch sử cũ cho công ty mới – cần PO duyệt. (Xem Q3) | I81: Chưa test
A82: SD-10 | B82: 5. Gửi Gopany | C82: Edge | D82: P1 | E82: Tài khoản đã xoá liên kết trên Gopany rồi Gửi | F82: X đã đồng bộ; khách xoá liên kết X trên Gopany. | G82: 1. Gửi Gopany | H82: Nút khoá hoặc “Gopany từ chối” kèm lý do rõ; không tạo dữ liệu mồ côi. | I82: Chưa test
A83: SD-11 | B83: 5. Gửi Gopany | C83: Positive | D83: P2 | E83: Tài khoản cũ có công ty “chưa rõ” | F83: Tài khoản liên kết trước đợt này, cột công ty “chưa rõ”, đang thuộc công ty C bên Gopany. | G83: 1. Gửi Gopany | H83: Hộp xác nhận hiển thị hợp lý; tin vào công ty C. | I83: Chưa test
A84: SD-12 | B84: 5. Gửi Gopany | C84: Edge | D84: P1 | E84: Gopany nhận một phần | F84: Giả lập Gopany trả lỗi một số lô. | G84: 1. Gửi Gopany | H84: Khung 2 “Gopany nhận một phần” + số lỗi; nhật ký “Chưa trọn”; thẻ “Lỗi / chưa trọn” tăng. Gửi lại được và bù đủ. | I84: Chưa test
A85: SD-13 | B85: 5. Gửi Gopany | C85: Edge | D85: P1 | E85: Gopany từ chối toàn bộ / Gopany down | F85: Tắt/giả lập lỗi API Gopany. | G85: 1. Gửi Gopany | H85: “Gopany từ chối” kèm lý do; lượt Thất bại; không treo ở “Đã gửi, chờ Gopany nhận”. (Xem Q5 – timeout) | I85: Chưa test
A86: SD-14 | B86: 5. Gửi Gopany | C86: Edge | D86: P2 | E86: Đồng bộ lại rồi gửi: chỉ phần mới được nhận | F86: Đã gửi đủ lần 1; có tin mới sau đó. | G86: 1. Đồng bộ lại 2. Gửi Gopany | H86: Số “nhận” ≈ số tin mới, còn lại bỏ qua. | I86: Chưa test
A87: SD-15 | B87: 5. Gửi Gopany | C87: Positive | D87: P2 | E87: Gửi song song 2 tài khoản thuộc 2 công ty khác nhau | G87: 1. Gửi X (công ty A) và Y (công ty B) cùng lúc | H87: Cả 2 chạy song song, dữ liệu đúng công ty. | I87: Chưa test
A88: SD-16 | B88: 5. Gửi Gopany | C88: Edge | D88: P2 | E88: Gửi song song 2 tài khoản cùng 1 công ty | G88: 1. Gửi X và Y (cùng công ty A) cùng lúc | H88: Ghi nhận: chạy song song hay xếp hàng? Không lỗi, không mất tin. (Xem Q9) | I88: Chưa test
A89: SD-17 | B89: 5. Gửi Gopany | C89: Edge | D89: P1 | E89: 2 admin cùng bấm Gửi 1 tài khoản | G89: 1. Gần như đồng thời xác nhận Gửi | H89: Chỉ 1 lượt gửi được tạo. | I89: Chưa test
A90: SD-18 | B90: 5. Gửi Gopany | C90: Edge | D90: P2 | E90: Số tin trong hộp xác nhận khớp số đã đồng bộ | G90: 1. So số trong hộp xác nhận với “M tin” của lượt đồng bộ | H90: Khớp (hoặc sai lệch có giải thích nếu có “khoảng”). | I90: Chưa test
A91: RS-01 | B91: 6. Kết quả trên Gopany | C91: Positive | D91: P1 | E91: Hội thoại cũ hiện trong Chat của đúng công ty | F91: SD-01 xong. | G91: 1. Gopany công ty A → Chat → chọn X | H91: Có hội thoại từ trước lúc liên kết, tin sắp đúng thứ tự thời gian. | I91: Chưa test
A92: RS-02 | B92: 6. Kết quả trên Gopany | C92: Negative | D92: P1 | E92: Công ty khác không thấy dữ liệu | G92: 1. Đăng nhập công ty B → Chat | H92: Không thấy hội thoại/tin của X. | I92: Chưa test
A93: RS-03 | B93: 6. Kết quả trên Gopany | C93: Positive | D93: P2 | E93: Tin nhóm có tên người gửi, ảnh/file cũ hiển thị | G93: 1. Mở hội thoại nhóm và hội thoại có ảnh/file | H93: Tên người gửi đúng; ảnh/file mở được. Ghi nhận file quá cũ đã hết hạn trên Zalo. | I93: Chưa test
A94: RS-04 | B94: 6. Kết quả trên Gopany | C94: Positive | D94: P1 | E94: Tin mới sau liên kết vẫn nhận bình thường | G94: 1. Gửi tin mới đến X sau khi đã gửi lịch sử | H94: Tin mới hiện realtime, đúng vị trí thời gian, không trùng. | I94: Chưa test
A95: RS-05 | B95: 6. Kết quả trên Gopany | C95: Edge | D95: P2 | E95: Múi giờ và thứ tự tin cùng giây | F95: Nhiều tin gửi trong cùng 1 giây; tin quanh 0h. | G95: 1. Kiểm tra thứ tự và ngày hiển thị | H95: Đúng thứ tự gốc, đúng ngày theo giờ VN (UTC+7). | I95: Chưa test
A96: RS-06 | B96: 6. Kết quả trên Gopany | C96: Edge | D96: P2 | E96: Trạng thái đã đọc / số chưa đọc sau khi đổ tin cũ | G96: 1. Xem badge chưa đọc trên Gopany sau khi gửi lịch sử | H96: Tin cũ không làm bùng badge chưa đọc/thông báo hàng loạt cho nhân viên. (Xem Q10) | I96: Chưa test
A97: CC-01 | B97: 7. Đồng thời / quyền / hệ thống | C97: Edge | D97: P1 | E97: Hệ thống khởi động lại giữa lượt → “Bị gián đoạn” | F97: Đang đồng bộ/gửi. | G97: 1. Restart service zaloHub 2. Theo dõi trạng thái 0–6 phút 3. Chạy lại | H97: Khoảng 5 phút sau lượt được đánh dấu “Bị gián đoạn”. Chạy lại thành công. | I97: Chưa test
A98: CC-02 | B98: 7. Đồng thời / quyền / hệ thống | C98: Edge | D98: P1 | E98: Trong 5 phút chờ đánh dấu gián đoạn | F98: Như CC-01, trong khoảng 0–5 phút. | G98: 1. Thử bấm Đồng bộ / Gửi Gopany | H98: Ghi nhận: nút khoá “Đang đồng bộ” suốt 5 phút? Có cách cho admin giải phóng không? (Xem Q11) | I98: Chưa test
A99: CC-03 | B99: 7. Đồng thời / quyền / hệ thống | C99: Edge | D99: P1 | E99: Bị thu quyền giữa lượt | F99: Admin đang có lượt chạy. | G99: 1. Thu quyền quản lý tài khoản Zalo của admin 2. Admin F5 | H99: Lượt đang chạy vẫn chạy tiếp; admin không bấm Hủy/Đồng bộ/Gửi được nữa (UI + API). | I99: Chưa test
A100: CC-04 | B100: 7. Đồng thời / quyền / hệ thống | C100: Edge | D100: P2 | E100: Phiên đăng nhập admin hết hạn khi đang mở hộp thoại | G100: 1. Để hết hạn phiên 2. Bấm Đồng bộ | H100: Chuyển về đăng nhập; không tạo lượt. | I100: Chưa test
A101: CC-05 | B101: 7. Đồng thời / quyền / hệ thống | C101: Positive | D101: P2 | E101: Nhật ký ghi đúng người bấm, công ty, số liệu | F101: 2 admin khác nhau lần lượt chạy lượt. | G101: 1. Xem “Các lượt gần đây” | H101: Mỗi lượt: loại, người bấm, công ty Gopany, kết quả, số liệu, lỗi (nếu có) đúng. | I101: Chưa test
...

Sheet Cần làm rõ với PO
A1: Điểm tài liệu chưa nói rõ – cần PO/Dev chốt trước khi test
A3: # | B3: Câu hỏi | C3: Testcase liên quan | D3: Trả lời
A4: Q1 | B4: Mã QR thứ 2 hết hạn (~12s) thì UI xử lý thế nào: tự làm mới, quay về mã 1, hay báo lỗi? | C4: QR-03, QR-04
A5: Q2 | B5: Khi khách đăng nhập lại Zalo PC trên máy tính, zaloHub có tự báo mất kết nối ngay không, Gopany hiển thị gì? | C5: QR-10, SY-18
A6: Q3 | B6: Một Zalo liên kết ở công ty A, sau đó công ty B liên kết cùng Zalo: chặn hay chuyển? Nếu chuyển, lịch sử đã đồng bộ khi còn ở A có được gửi cho B không? (rủi ro lộ dữ liệu) | C6: QR-13, SD-09
A7: Q4 | B7: Khi nhiều điều kiện khoá cùng lúc, tooltip hiển thị lý do nào trước? | C7: SY-07
A8: Q5 | B8: Có timeout cho lượt Đồng bộ (điện thoại khoá màn hình) và lượt Gửi (Gopany không phản hồi) không? Bao lâu? | C8: SY-10, SY-11, SD-13
A9: Q6 | B9: Đồng bộ lại: tin đã xoá / thu hồi / sửa trên điện thoại xử lý thế nào ở zaloHub và Gopany (vì Gopany chỉ bỏ tin đã có)? | C9: SY-25
A10: Q7 | B10: Lượt đồng bộ gần nhất “Đã hủy” hoặc “Bị gián đoạn” (dữ liệu có thể thiếu) có chặn Gửi Gopany không? Tài liệu chỉ nêu “bị lỗi”. | C10: CN-06, SD-07
A11: Q8 | B11: Tài khoản chưa từng đồng bộ có được bấm Gửi Gopany không? Nếu được, kết quả là gì? | C11: SD-06
A12: Q9 | B12: Các tài khoản cùng 1 công ty Gopany có gửi song song được không? (tài liệu chỉ nói “các tài khoản Gopany khác nhau”) | C12: SD-16
A13: Q10 | B13: Tin lịch sử đổ vào Gopany có bị tính là chưa đọc / bắn thông báo cho nhân viên không? | C13: RS-06
A14: Q11 | B14: Trong ~5 phút trước khi lượt bị đánh dấu “Bị gián đoạn”, admin có cách nào giải phóng tài khoản không? | C14: CC-02
A15: Q12 | B15: Tìm theo SĐT: hỗ trợ những định dạng nào (0xxx, 84xxx, +84xxx)? | C15: LS-05
