Workbook

Sheet Danh sách nhân viên
A1: Email (*) | B1: Họ và tên (*) | C1: Số điện thoại | D1: Ngày sinh | E1: Giới tính | F1: Chức vụ | G1: Kiểm tra | H1: Trạng thái nhân sự | I1: Loại nhân sự | J1: Ngày vào làm | K1: Loại hợp đồng | L1: Ngày hiệu lực HĐ từ | M1: Ngày hiệu lực HĐ đến | N1: Trạng thái giấy tờ
G2: =IF(AND($F2<>"",COUNTIF($F$2:$F$200,$F2)>1,COUNTIF('Dữ liệu'!$G$2:$G$3,$F2)>0),"Chức vụ này chỉ được gán cho 1 người","") -> 0
G3: =IF(AND($F3<>"",COUNTIF($F$2:$F$200,$F3)>1,COUNTIF('Dữ liệu'!$G$2:$G$3,$F3)>0),"Chức vụ này chỉ được gán cho 1 người","") -> 0
G4: =IF(AND($F4<>"",COUNTIF($F$2:$F$200,$F4)>1,COUNTIF('Dữ liệu'!$G$2:$G$3,$F4)>0),"Chức vụ này chỉ được gán cho 1 người","") -> 0
G5: =IF(AND($F5<>"",COUNTIF($F$2:$F$200,$F5)>1,COUNTIF('Dữ liệu'!$G$2:$G$3,$F5)>0),"Chức vụ này chỉ được gán cho 1 người","") -> 0
G6: =IF(AND($F6<>"",COUNTIF($F$2:$F$200,$F6)>1,COUNTIF('Dữ liệu'!$G$2:$G$3,$F6)>0),"Chức vụ này chỉ được gán cho 1 người","") -> 0
G7: =IF(AND($F7<>"",COUNTIF($F$2:$F$200,$F7)>1,COUNTIF('Dữ liệu'!$G$2:$G$3,$F7)>0),"Chức vụ này chỉ được gán cho 1 người","") -> 0
G8: =IF(AND($F8<>"",COUNTIF($F$2:$F$200,$F8)>1,COUNTIF('Dữ liệu'!$G$2:$G$3,$F8)>0),"Chức vụ này chỉ được gán cho 1 người","") -> 0
G9: =IF(AND($F9<>"",COUNTIF($F$2:$F$200,$F9)>1,COUNTIF('Dữ liệu'!$G$2:$G$3,$F9)>0),"Chức vụ này chỉ được gán cho 1 người","") -> 0
G10: =IF(AND($F10<>"",COUNTIF($F$2:$F$200,$F10)>1,COUNTIF('Dữ liệu'!$G$2:$G$3,$F10)>0),"Chức vụ này chỉ được gán cho 1 người","") -> 0
G11: =IF(AND($F11<>"",COUNTIF($F$2:$F$200,$F11)>1,COUNTIF('Dữ liệu'!$G$2:$G$3,$F11)>0),"Chức vụ này chỉ được gán cho 1 người","") -> 0
G12: =IF(AND($F12<>"",COUNTIF($F$2:$F$200,$F12)>1,COUNTIF('Dữ liệu'!$G$2:$G$3,$F12)>0),"Chức vụ này chỉ được gán cho 1 người","") -> 0
G13: =IF(AND($F13<>"",COUNTIF($F$2:$F$200,$F13)>1,COUNTIF('Dữ liệu'!$G$2:$G$3,$F13)>0),"Chức vụ này chỉ được gán cho 1 người","") -> 0
... G200: =IF(AND($F200<>"",COUNTIF($F$2:$F$200,$F200)>1,COUNTIF('Dữ liệu'!$G$2:$G$3,$F200)>0),"Chức vụ này chỉ được gán cho 1 người","") -> 0

Sheet Dữ liệu
A1: Giới tính | B1: Trạng thái nhân sự | C1: Loại nhân sự | D1: Loại hợp đồng | E1: Trạng thái giấy tờ | F1: Chức vụ | G1: Chức vụ đặc biệt
A2: Nam | B2: Đang thử việc | C2: Nhân viên | D2: Có thời hạn | E2: Đủ | F2: tổng giám đốc - Ban lãnh đạo hđqt | G2: tổng giám đốc - Ban lãnh đạo hđqt
A3: Nữ | B3: Đang làm việc | C3: Cộng tác viên | D3: Vô thời hạn | E3: Thiếu | F3: thư ký - Ban lãnh đạo hđqt | G3: dev lead - Phòng ban test
A4: Khác | B4: Tạm nghỉ | C4: Bán thời gian | F4: dev lead - Phòng ban test
B5: Đã nghỉ việc | C5: Thực tập sinh | F5: thư ký - Phòng ban test
C6: Thời vụ
